{
  "hyperparams": {
    "batch_size": 64,
    "clip": 1.0,
    "seed": 42,
    "early_stop": 3
  },
  "param_counts": {
    "vanilla_rnn": 92062,
    "blstm": 171678,
    "attention_rnn": 22366
  },
  "losses": {
    "vanilla_rnn": [
      2.9875358939170837,
      2.537179470062256,
      2.3554749190807343,
      2.2498605251312256,
      2.186368852853775,
      2.1372892409563065,
      2.084813103079796,
      2.0472061038017273,
      2.0113925635814667,
      1.9696476608514786,
      1.9380861446261406,
      1.9076042100787163,
      1.8686018139123917,
      1.8456013053655624,
      1.8211669027805328,
      1.7933499068021774,
      1.7681852355599403,
      1.7366760671138763,
      1.7133632153272629,
      1.6916990652680397,
      1.6650346964597702,
      1.6472050696611404,
      1.6279642283916473,
      1.6094591245055199,
      1.5930922329425812,
      1.5695052221417427,
      1.5562713369727135,
      1.5344432294368744,
      1.5192628875374794,
      1.4971399828791618,
      1.4938394352793694,
      1.480740174651146,
      1.4637667834758759,
      1.4534299969673157,
      1.4424967989325523,
      1.4245456159114838,
      1.4193607717752457,
      1.4136696979403496,
      1.3994869366288185,
      1.3880192339420319,
      1.3742459192872047,
      1.3659861385822296,
      1.354069545865059,
      1.3466198071837425,
      1.3449722006917,
      1.3407952934503555,
      1.3189322799444199,
      1.3191650807857513,
      1.3095109090209007,
      1.3007212728261948
    ],
    "blstm": [
      3.2589380741119385,
      2.9316588640213013,
      2.677610531449318,
      2.3336896896362305,
      2.014336198568344,
      1.7324924543499947,
      1.5037129074335098,
      1.3012568801641464,
      1.1441495940089226,
      0.9957107789814472,
      0.8662474751472473,
      0.7612715475261211,
      0.6668483428657055,
      0.5864198841154575,
      0.5229094140231609,
      0.45105657912790775,
      0.40275346115231514,
      0.35345133766531944,
      0.3155283946543932,
      0.28256435319781303,
      0.255158144980669,
      0.23048721067607403,
      0.20525160059332848,
      0.18789027351886034,
      0.17094508092850447
    ],
    "attention_rnn": [
      3.2523183077573776,
      2.9493573158979416,
      2.8192621916532516,
      2.7154639959335327,
      2.635202392935753,
      2.571163773536682,
      2.5241338461637497,
      2.492164984345436,
      2.4610819667577744,
      2.4426480531692505,
      2.420105591416359,
      2.3895823806524277,
      2.371446892619133,
      2.353613018989563,
      2.343535378575325,
      2.325584799051285,
      2.3132386207580566,
      2.3049657940864563,
      2.295759439468384,
      2.2805502265691757,
      2.2765777111053467,
      2.263268604874611,
      2.255288302898407,
      2.2425413727760315,
      2.2465887665748596
    ]
  }
}